{
  "images" : [
    {
      "size" : "20x20",
      "idiom" : "iphone",
      "filename" : "iPhone_notif_icon@2x.png",
      "scale" : "2x"
    },
    {
      "size" : "20x20",
      "idiom" : "iphone",
      "filename" : "iPhone_notif_icon@3x.png",
      "scale" : "3x"
    },
    {
      "size" : "29x29",
      "idiom" : "iphone",
      "filename" : "iPhone_settings_icon@1x.png",
      "scale" : "1x"
    },
    {
      "size" : "29x29",
      "idiom" : "iphone",
      "filename" : "iPhone_settings_icon@2x.png",
      "scale" : "2x"
    },
    {
      "size" : "29x29",
      "idiom" : "iphone",
      "filename" : "iPhone_settings_icon@3x.png",
      "scale" : "3x"
    },
    {
      "size" : "40x40",
      "idiom" : "iphone",
      "filename" : "iPhone_spotlight_icon@2x.png",
      "scale" : "2x"
    },
    {
      "size" : "40x40",
      "idiom" : "iphone",
      "filename" : "iPhone_spotlight_icon@3x.png",
      "scale" : "3x"
    },
    {
      "size" : "57x57",
      "idiom" : "iphone",
      "filename" : "iPhone_5,6_app_icon@1x.png",
      "scale" : "1x"
    },
    {
      "size" : "57x57",
      "idiom" : "iphone",
      "filename" : "iPhone_5,6_app_icon@2x.png",
      "scale" : "2x"
    },
    {
      "size" : "60x60",
      "idiom" : "iphone",
      "filename" : "iPhone_app_icon@2x.png",
      "scale" : "2x"
    },
    {
      "size" : "60x60",
      "idiom" : "iphone",
      "filename" : "iPhone_app_icon@3x.png",
      "scale" : "3x"
    },
    {
      "size" : "1024x1024",
      "idiom" : "ios-marketing",
      "filename" : "App_Store_icon_1024.png",
      "scale" : "1x"
    }
  ],
  "info" : {
    "version" : 1,
    "author" : "xcode"
  }
}